{
  "Folder": "00016_PopulationStructureOfPacificOysters",
  "DOI": "https://doi.org/10.5061/dryad.6d778b6",
  "Publication_link": "https://onlinelibrary.wiley.com/doi/10.1111/eva.12736",
  "Title": "Detailed insights into pan-European population structure and inbreeding in wild and hatchery Pacific oysters (Crassostrea gigas) revealed by genome-wide SNP data",
  "Abstract": "Cultivated bivalves are important not only because of their economic value, but also due to their impacts on natural ecosystems. The Pacific oyster (Crassostrea gigas) is the world's most heavily cultivated shellfish species and has been introduced to all continents except Antarctica for aquaculture. We therefore used a medium-density single nucleotide polymorphism (SNP) array to investigate the genetic structure of this species in Europe, where it was introduced during the 1960s and has since become a prolific invader of coastal ecosystems across the continent. We analyzed 21,499 polymorphic SNPs in 232 individuals from 23 localities spanning a latitudinal cline from Portugal to Norway and including the source populations of Japan and Canada. We confirmed the results of previous studies by finding clear support for a southern and a northern group, with the former being indistinguishable from the source populations indicating the absence of a pronounced founder effect. We furthermore conducted a large-scale comparison of oysters sampled from the wild and from hatcheries to reveal substantial genetic differences including significantly higher levels of inbreeding in some but not all of the sampled hatchery cohorts. These findings were confirmed by a smaller but representative SNP dataset generated using restriction site-associated DNA sequencing. We therefore conclude that genomic approaches can generate increasingly detailed insights into the genetics of wild and hatchery produced Pacific oysters.",
  "Scientific_Name": "Crassostrea gigas",
  "Common_Name": "Pacific oysters",
  "Sharing_Link": "https://datadryad.org/stash/dataset/doi:10.5061/dryad.6d778b6",
  "Requires_Authorization": false,
  "Phenotype": false,
  "Map": true,
  "Pedigree": false,
  "N_Geno": 232,
  "N_markers": 43004,
  "Download_Instructions": "NA",
  "Tags": "aquaculture; genetic diversity; SNP array; invasive species; Pacific oyster; conservation genetics; population genetics; Crassostrea gigas"
}
