{
  "Folder": "00067_RheophyticGoldenrodSolidagoYokusaiana",
  "DOI": "https://doi.org/10.5061/dryad.612jm642n",
  "Publication_link": "https://www.nature.com/articles/s41437-021-00408-x",
  "Title": "Phylogeographic and demographic modeling analyses of the multiple origins of the rheophytic goldenrod Solidago yokusaiana Makino",
  "Abstract": "Understanding adaptation mechanisms is important in evolutionary biology. Parallel adaptation provides good opportunities to investigate adaptive evolution. To confirm parallel adaptation, it is effective to examine whether the phenotypic similarity has one or multiple origins and to use demographic modeling to consider the gene flow between ecotypes. Solidago yokusaiana is a rheophyte endemic to the Japanese Archipelago that diverged from Solidago virgaurea. This study examined the parallel origins of S. yokusaiana by distinguishing between multiple and single origins and subsequent gene flow. The haplotypes of noncoding chloroplast DNA and genotypes at 14 nuclear simple sequence repeat (nSSR) loci and single-nucleotide polymorphisms (SNPs) revealed by double-digest restriction-associated DNA sequencing (ddRADseq) were used for phylogeographic analysis; the SNPs were also used to model population demographics. Some chloroplast haplotypes were common to S. yokusaiana and its ancestor S. virgaurea. Also, the population genetic structures revealed by nSSR and SNPs did not correspond to the taxonomic species. The demographic modeling supported the multiple origins of S. yokusaiana in at least four districts and rejected a single origin with ongoing gene flow between the two species, implying that S. yokusaiana independently and repeatedly adapted to frequently flooding riversides.",
  "Scientific_Name": "Solidago yokusaiana",
  "Common_Name": "Goldenrod",
  "Sharing_Link": "https://datadryad.org/stash/dataset/doi:10.5061/dryad.612jm642n",
  "Requires_Authorization": false,
  "Phenotype": false,
  "Map": false,
  "Pedigree": false,
  "N_Geno": 98,
  "N_markers": 2321,
  "Download_Instructions": "NA",
  "Tags": "evolutionary biology; parallel adaptation; demographic modeling; phylogeography; Solidago yokusaiana; gene flow; population genetics; adaptation mechanisms"
}
