{
  "Folder": "00006_AncestryOfDomesticatedCattle",
  "DOI": "https://doi.org/10.5061/dryad.th092",
  "Publication_link": "https://journals.plos.org/plosgenetics/article?id=10.1371/journal.pgen.1004254",
  "Title": "Worldwide Patterns of Ancestry, Divergence, and Admixture in Domesticated Cattle",
  "Abstract": "The domestication and development of cattle has considerably impacted human societies, but the histories of cattle breeds and populations have been poorly understood especially for African, Asian, and American breeds. Using genotypes from 43,043 autosomal single nucleotide polymorphism markers scored in 1,543 animals, we evaluate the population structure of 134 domesticated bovid breeds. Regardless of the analytical method or sample subset, the three major groups of Asian indicine, Eurasian taurine, and African taurine were consistently observed. Patterns of geographic dispersal resulting from co-migration with humans and exportation are recognizable in phylogenetic networks. All analytical methods reveal patterns of hybridization which occurred after divergence. Using 19 breeds, we map the cline of indicine introgression into Africa. We infer that African taurine possess a large portion of wild African auroch ancestry, causing their divergence from Eurasian taurine. We detect exportation patterns in Asia and identify a cline of Eurasian taurine/indicine hybridization in Asia. We also identify the influence of species other than Bos taurus taurus and B. t. indicus in the formation of Asian breeds. We detect the pronounced influence of Shorthorn cattle in the formation of European breeds. Iberian and Italian cattle possess introgression from African taurine. American Criollo cattle originate from Iberia, and not directly from Africa with African ancestry inherited via Iberian ancestors. Indicine introgression into American cattle occurred in the Americas, and not Europe. We argue that cattle migration, movement and trading followed by admixture have been important forces in shaping modern bovine genomic variation.",
  "Scientific_Name": "Bos taurus",
  "Common_Name": "Cattle",
  "Sharing_Link": "https://datadryad.org/stash/dataset/doi:10.5061/dryad.th092",
  "Requires_Authorization": false,
  "Phenotype": true,
  "Map": true,
  "Pedigree": true,
  "N_Geno": 1543,
  "N_markers": 86086,
  "Download_Instructions": "NA",
  "Tags": "cattle domestication; genetic diversity; livestock evolution; breed differentiation; population genetics; phylogenetic analysis; bovine ancestry; introgression patterns"
}
