{
  "Folder": "00001_YellowFeverMosquito",
  "DOI": "https://doi.org/10.5061/dryad.5x69p8d5j",
  "Publication_link": "https://journals.plos.org/plosntds/article?id=10.1371/journal.pntd.0005718",
  "Title": "Multiple introductions of the dengue vector, Aedes aegypti, into California",
  "Abstract": "The yellow fever mosquito Aedes aegypti inhabits much of the tropical and subtropical world and is a primary vector of dengue, Zika, and chikungunya viruses. Breeding populations of A. aegypti were first reported in California (CA) in 2013. Initial genetic analyses using 12 microsatellites on collections from Northern CA in 2013 indicated the South Central US region as the likely source of the introduction. We expanded genetic analyses of CA A. aegypti by: (a) examining additional Northern CA samples and including samples from Southern CA, (b) including more southern US populations for comparison, and (c) genotyping a subset of samples at 15,698 SNPs. Major results are: (1) Northern and Southern CA populations are distinct. (2) Northern populations are more genetically diverse than Southern CA populations. (3) Northern and Southern CA groups were likely founded by two independent introductions which came from the South Central US and Southwest US/northern Mexico regions respectively. (4) Our genetic data suggest that the founding events giving rise to the Northern CA and Southern CA populations likely occurred before the populations were first recognized in 2013 and 2014, respectively. (5) A Northern CA population analyzed at multiple time-points (two years apart) is genetically stable, consistent with permanent in situ breeding. These results expand previous work on the origin of California A. aegypti with the novel finding that this species entered California on multiple occasions, likely some years before its initial detection. This work has implications for mosquito surveillance and vector control activities not only in California but also in other regions where the distribution of this invasive mosquito is expanding.",
  "Scientific_Name": "Aedes aegypti",
  "Common_Name": "Yellow Fever Mosquito",
  "Sharing_Link": "https://datadryad.org/stash/dataset/doi:10.5061/dryad.5x69p8d5j",
  "Requires_Authorization": false,
  "Phenotype": false,
  "Map": true,
  "Pedigree": false,
  "N_Geno": 381,
  "N_markers": 20003,
  "Download_Instructions": "Unzip file",
  "Tags": "Aedes aegypti; mosquito genetics; vector-borne diseases; population genetics; invasive species; mosquito surveillance; vector control; genetic diversity"
}
