{
  "Folder": "00043_ConnectivityInLeiopotheraponUnicolor",
  "DOI": "https://doi.org/10.5061/dryad.h5r77",
  "Publication_link": "https://academic.oup.com/jhered/article/109/3/320/4617854?login=false",
  "Title": "Genome-wide SNPs identify limits to connectivity in the extreme freshwater disperser, spangled perch Leiopotherapon unicolor (Terapontidae)",
  "Abstract": "The utility of restriction-site associated DNA sequencing (RADseq) to resolve fine-scale population structure was tested on an abundant and vagile fish species in a tropical river. Australia‚Äôs most widespread freshwater fish, the ‚Äúextreme disperser‚Äù Leiopotherapon unicolor was sampled from 6 locations in an unregulated system, the Daly River in Australia‚Äôs Northern Territory. Despite an expectation of high connectivity based on life history knowledge of this species derived from arid zone habitats, L. unicolor was not a panmictic population in the tropical lower Daly. Using ~14000 polymorphic RADseq loci, we found a pattern of upstream versus downstream population subdivision and evidence for differentiation among tributary populations. The magnitude of population structure was low with narrow confidence intervals (global FST = 0.014; 95% CI = 0.012‚Äì0.016). Confidence intervals around pairwise FST estimates were all nonzero and consistent with the results of clustering analyses. This population structure was not explained by spatially heterogeneous selection acting on a subset of loci, or by sampling groups of closely related individuals (average within-site relatedness ‚âà 0). One implication of the low but significant structure observed in the tropics is the possibility that L. unicolor may exhibit contrasting patterns of migratory biology in tropical versus arid zone habitats. We conclude that the RADseq revolution holds promise for delineating subtle patterns of population subdivision in species characterized by high within-population variation and low among-population differentiation.",
  "Scientific_Name": "Leiopotherapon unicolor",
  "Common_Name": "spangled perch",
  "Sharing_Link": "https://datadryad.org/stash/dataset/doi:10.5061/dryad.h5r77",
  "Requires_Authorization": false,
  "Phenotype": false,
  "Map": false,
  "Pedigree": false,
  "N_Geno": 48,
  "N_markers": 14031,
  "Download_Instructions": "NA",
  "Tags": "RADseq; population structure; freshwater fish; genetic differentiation; tropical river ecology; Leiopotherapon unicolor; spatial population dynamics; migratory biology patterns"
}
