{
  "Folder": "00050_MultivariateGenomicPredictionPinus",
  "DOI": "https://zenodo.org/doi/10.5281/zenodo.4040041",
  "Publication_link": "https://www.frontiersin.org/journals/genetics/articles/10.3389/fgene.2020.499094/full",
  "Title": "Marker Selection in Multivariate Genomic Prediction Improves Accuracy of Low Heritability Traits",
  "Abstract": "Multivariate analysis using mixed models allows for the exploration of genetic correlations between traits. Additionally, the transition to a genomic based approach is simplified by substituting classic pedigrees with a marker-based relationship matrix. It also enables the investigation of correlated responses to selection, trait integration and modularity in different kinds of populations. This study investigated a strategy for the construction of a marker-based relationship matrix that prioritized markers using Partial Least Squares. The efficiency of this strategy was found to depend on the correlation structure between investigated traits. In terms of accuracy, we found no benefit of this strategy compared with the all-marker-based multivariate model for the primary trait of diameter at breast height (DBH) in a radiata pine (Pinus radiata) population, possibly due to the presence of strong and well-estimated correlation with other highly heritable traits. Conversely, we did see benefit in a shining gum (Eucalyptus nitens) population, where the primary trait had low or only moderate genetic correlation with other low/moderately heritable traits. Marker selection in multivariate analysis can therefore be an efficient strategy to improve prediction accuracy for low heritability traits due to improved precision in poorly estimated low/moderate genetic correlations. Additionally, our study identified the genetic diversity as a factor contributing to the efficiency of marker selection in multivariate approaches due to higher precision of genetic correlation estimates.",
  "Scientific_Name": "Pinus",
  "Common_Name": "Pine",
  "Sharing_Link": "https://zenodo.org/records/4040042",
  "Requires_Authorization": false,
  "Phenotype": true,
  "Map": false,
  "Pedigree": true,
  "N_Geno": 523,
  "N_markers": 80160,
  "Download_Instructions": "NA",
  "Tags": "genetics; multivariate analysis; genomic selection; marker-based relationship matrix; Partial Least Squares; trait correlation; genetic diversity; radiata pine; Eucalyptus nitens"
}
