{
  "Folder": "00003_GrowthInArabidopsisThaliana",
  "DOI": "https://doi.org/10.3389/fgene.2020.609117",
  "Publication_link": "https://www.frontiersin.org/journals/genetics/articles/10.3389/fgene.2020.609117/full",
  "Title": "Prior Biological Knowledge Improves Genomic Prediction of Growth-Related Traits in Arabidopsis thaliana",
  "Abstract": "Prediction of growth-related complex traits is highly important for crop breeding. Photosynthesis efficiency and biomass are direct indicators of overall plant performance and therefore even minor improvements in these traits can result in significant breeding gains. Crop breeding for complex traits has been revolutionized by technological developments in genomics and phenomics. Capitalizing on the growing availability of genomics data, genome-wide marker-based prediction models allow for efficient selection of the best parents for the next generation without the need for phenotypic information. Until now such models mostly predict the phenotype directly from the genotype and fail to make use of relevant biological knowledge. It is an open question to what extent the use of such biological knowledge is beneficial for improving genomic prediction accuracy and reliability. In this study, we explored the use of publicly available biological information for genomic prediction of photosynthetic light use efficiency (Œ¶PSII) and projected leaf area (PLA) in Arabidopsis thaliana. To explore the use of various types of knowledge, we mapped genomic polymorphisms to Gene Ontology (GO) terms and transcriptomics-based gene clusters, and applied these in a Genomic Feature Best Linear Unbiased Predictor (GFBLUP) model, which is an extension to the traditional Genomic BLUP (GBLUP) benchmark. Our results suggest that incorporation of prior biological knowledge can improve genomic prediction accuracy for both Œ¶PSII and PLA. The improvement achieved depends on the trait, type of knowledge and trait heritability. Moreover, transcriptomics offers complementary evidence to the Gene Ontology for improvement when used to define functional groups of genes. In conclusion, prior knowledge about trait-specific groups of genes can be directly translated into improved genomic prediction.",
  "Scientific_Name": "Arabidopsis thaliana",
  "Common_Name": "Thale cress",
  "Sharing_Link": "https://git.wur.nl/faroo002/pub1",
  "Requires_Authorization": false,
  "Phenotype": true,
  "Map": true,
  "Pedigree": false,
  "N_Geno": 344,
  "N_markers": 207982,
  "Download_Instructions": "Go to folder \"data/\", download only needed files.",
  "Tags": "crop breeding; genomics; phenomics; genomic prediction; photosynthesis efficiency; Arabidopsis thaliana; Gene Ontology; transcriptomics"
}
