{
  "Folder": "00070_GenomicAnalysisLivestockPopulations",
  "DOI": "https://doi.org/10.1534/g3.111.001453",
  "Publication_link": "https://academic.oup.com/g3journal/article/2/4/429/6026060",
  "Title": "A Common Dataset for Genomic Analysis of Livestock Populations",
  "Abstract": "Although common datasets are an important resource for the scientific community and can be used to address important questions, genomic datasets of a meaningful size have not generally been available in livestock species. We describe a pig dataset that PIC (a Genus company) has made available for comparing genomic prediction methods. We also describe genomic evaluation of the data using methods that PIC considers best practice for predicting and validating genomic breeding values, and we discuss the impact of data structure on accuracy. The dataset contains 3534 individuals with high-density genotypes, phenotypes, and estimated breeding values for five traits. Genomic breeding values were calculated using BayesB, with phenotypes and de-regressed breeding values, and using a single-step genomic BLUP approach that combines information from genotyped and un-genotyped animals. The genomic breeding value accuracy increased with increased trait heritability and with increased relationship between training and validation. In nearly all cases, BayesB using de-regressed breeding values outperformed the other approaches, but the single-step evaluation performed only slightly worse. This dataset was useful for comparing methods for genomic prediction using real data. Our results indicate that validation approaches accounting for relatedness between populations can correct for potential overestimation of genomic breeding value accuracies, with implications for genotyping strategies to carry out genomic selection programs.",
  "Scientific_Name": "Sus scrofa",
  "Common_Name": "Pigs",
  "Sharing_Link": "https://academic.oup.com/g3journal/article/2/4/429/6026060?login=false#supplementary-data",
  "Requires_Authorization": false,
  "Phenotype": true,
  "Map": false,
  "Pedigree": true,
  "N_Geno": 3534,
  "N_markers": 52843,
  "Download_Instructions": "Go to Supplementary data and download the zip file",
  "Tags": "genomic datasets; livestock genomics; genomic prediction methods; breeding values; BayesB; genomic BLUP; trait heritability; genomic selection strategies"
}
