{
  "Folder": "00062_GenomicEvaluationDothistromaKinleith1",
  "DOI": "https://doi.org/10.5061/dryad.qfttdz0d7",
  "Publication_link": "https://link.springer.com/article/10.1186/s12870-020-02403-6",
  "Title": "Effect of trait√≠s expression level on single-step genomic evaluation of resistance to Dothistroma needle blight",
  "Abstract": "Background\r\n\r\nMany conifer breeding programs are paying increasing attention to breeding for resistance to needle disease due to the increasing importance of climate change. Phenotyping of traits related to resistance has many biological and temporal constraints that can often confound the ability to achieve reliable phenotypes and consequently, reliable genetic progress. The development of next generation sequencing platforms has also enabled implementation of genomic approaches in species lacking robust reference genomes. Genomic selection is, therefore, a promising strategy to overcome the constraints of needle disease phenotyping.\r\n\r\n\r\n\r\nResults\r\n\r\nWe found high accuracy in the prediction of genomic breeding values in the disease-related traits that were well characterized, reaching 0.975 for genotyped individuals and 0.587 for non-genotyped individuals. This compared well with pedigree-based accuracies of up to 0.746. Surprisingly, poorly phenotyped disease traits also showed very high accuracy in terms of correlation of predicted genomic breeding values with pedigree-based counterparts. However, this was likely caused by the fact that both were clustered around the population mean, while deviations from the population mean caused by genetic effects did not appear to be well described. Caution should therefore be taken with the interpretation of results in poorly phenotyped traits.\r\n\r\n\r\n\r\nConclusions\r\n\r\nImplementation of genomic selection in this test population of Pinus radiata resulted in a relatively high prediction accuracy of needle loss due to Dothistroma septosporum compared with a pedigree-based approach. Using genomics to avoid biological/temporal constraints where phenotyping is reliable appears promising. Unsurprisingly, reliable phenotyping, resulting in good heritability estimates, is a fundamental requirement for the development of a reliable prediction model. Furthermore, our results are also specific to the single pathogen mating-type that is present in New Zealand, and may change with future incursion of other pathogen varieties. There is no doubt, however, that once a robust genomic prediction model is built, it will be invaluable to not only select for host tolerance, but for other economically important traits simultaneously. This tool will thus future-proof our forests by mitigating the risk of disease outbreaks induced by future changes in climate.",
  "Scientific_Name": "Pinus radiata",
  "Common_Name": "Monterey pine",
  "Sharing_Link": "https://datadryad.org/stash/dataset/doi:10.5061/dryad.qfttdz0d7",
  "Requires_Authorization": false,
  "Phenotype": true,
  "Map": false,
  "Pedigree": true,
  "N_Geno": 647,
  "N_markers": 64464,
  "Download_Instructions": "NA",
  "Tags": "genomic selection; conifer breeding; needle disease resistance; next generation sequencing; phenotyping constraints; genomic breeding values; Dothistroma septosporum; climate change adaptation"
}
