{
  "Folder": "00060_GeneticHomogeneityEasternRockLobster",
  "DOI": "https://doi.org/10.5061/dryad.d4q57s5",
  "Publication_link": "https://link.springer.com/article/10.1007/s00227-018-3443-7",
  "Title": "Outlier SNPs detect weak regional structure against a background of genetic homogeneity in the Eastern Rock Lobster, Sagmariasus verreauxi",
  "Abstract": "Genetic differentiation is characteristically weak in marine species making assessments of population connectivity and structure difficult. However, the advent of genomic methods has increased genetic resolution, enabling studies to detect weak, but significant population differentiation within marine species. With an increasing number of studies employing high resolution genome-wide techniques, we are realising that the connectivity of marine populations is often complex and quantifying this complexity can provide an understanding of the processes shaping marine species genetic structure and to inform long-term, sustainable management strategies. This study aims to assess the genetic structure, connectivity, and local adaptation of the Eastern Rock Lobster (Sagmariasus verreauxi), which has a maximum pelagic larval duration of 12 months and inhabits both subtropical and temperate environments. We used 645 neutral and 15 outlier SNPs to genotype lobsters collected from the only two known breeding populations and a third episodic population‚Äîencompassing S. verreauxi‚Äôs known range. Through examination of the neutral SNP panel, we detected genetic homogeneity across the three regions, which extended across the Tasman Sea encompassing both Australian and New Zealand populations. We discuss differences in neutral genetic signature of S. verreauxi and a closely related, co-distributed rock lobster, Jasus edwardsii, determining a regional pattern of genetic disparity between the species, which have largely similar life histories. Examination of the outlier SNP panel detected weak genetic differentiation between the three regions. Outlier SNPs showed promise in assigning individuals to their sampling origin and may prove useful as a management tool for species exhibiting genetic homogeneity.",
  "Scientific_Name": "Sagmariasus verreauxi",
  "Common_Name": "Eastern Rock Lobster",
  "Sharing_Link": "https://datadryad.org/stash/dataset/doi:10.5061/dryad.d4q57s5",
  "Requires_Authorization": false,
  "Phenotype": false,
  "Map": false,
  "Pedigree": false,
  "N_Geno": 69,
  "N_markers": 756,
  "Download_Instructions": "NA",
  "Tags": "marine_genomics; population_genetics; genetic_differentiation; SNP_analysis; marine_species_management; genetic_structure; population_connectivity; local_adaptation"
}
