{
  "Folder": "00041_AgronomicTraitsCommonBean",
  "DOI": "https://doi.org/10.7910/DVN/XCD67U",
  "Publication_link": "https://www.frontiersin.org/journals/plant-science/articles/10.3389/fpls.2020.01001/full",
  "Title": "Genomic Prediction of Agronomic Traits in Common Bean (Phaseolus vulgaris L.) Under Environmental Stress",
  "Abstract": "In plant and animal breeding, genomic prediction models are established to select new lines based on genomic data, without the need for laborious phenotyping. Prediction models can be trained on recent or historic phenotypic data and increasingly available genotypic data. This enables the adoption of genomic selection also in under-used legume crops such as common bean. Beans are an important staple food in the tropics and mainly grown by smallholders under limiting environmental conditions such as drought or low soil fertility. Therefore, genotype-by-environment interactions (G √ó E) are an important consideration when developing new bean varieties. However, G √ó E are often not considered in genomic prediction models nor are these models implemented in current bean breeding programs. Here we show the prediction abilities of four agronomic traits in common bean under various environmental stresses based on twelve field trials. The dataset includes 481 elite breeding lines characterized by 5,820 SNP markers. Prediction abilities over all twelve trials ranged between 0.6 and 0.8 for yield and days to maturity, respectively, predicting new lines into new seasons. In all four evaluated traits, the prediction abilities reached about 50‚Äì80% of the maximum accuracies given by phenotypic correlations and heritability. Predictions under drought and low phosphorus stress were up to 10 and 20% improved when G √ó E were included in the model, respectively. Our results demonstrate the potential of genomic selection to increase the genetic gain in common bean breeding. Prediction abilities improved when more phenotypic data was available and G √ó E could be accounted for. Furthermore, the developed models allowed us to predict genotypic performance under different environmental stresses. This will be a key factor in the development of common bean varieties adapted to future challenging conditions.",
  "Scientific_Name": "Phaseolus vulgaris",
  "Common_Name": "Common bean",
  "Sharing_Link": "https://dataverse.harvard.edu/dataset.xhtml?persistentId=doi:10.7910/DVN/XCD67U",
  "Requires_Authorization": false,
  "Phenotype": true,
  "Map": false,
  "Pedigree": false,
  "N_Geno": 481,
  "N_markers": 5820,
  "Download_Instructions": "NA",
  "Tags": "genomic prediction; plant breeding; genotype-by-environment interaction; common bean; SNP markers; genetic gain; environmental stress adaptation; agronomic traits"
}
