{
  "Folder": "00032_MultisiteExperimentNetworkMaize",
  "DOI": "https://doi.org/10.15454/IASSTN",
  "Publication_link": "https://entrepot.recherche.data.gouv.fr/dataset.xhtml?persistentId=doi:10.15454/IASSTN",
  "Title": "A multi-site experiment in a network of European fields for assessing the maize yield response to environmental scenarios",
  "Abstract": "This dataset comes from the European Union project DROPS (DROught-tolerant yielding PlantS). A panel of 256 maize hybrids was grown with two water regimes (irrigated or rainfed), in seven fields in 2012 and 2013, respectively, spread along a climatic transect from western to eastern Europe, plus one site in Chile in 2013. This resulted in 29 experiments defined as the combination of one year, one site and one water regime, with two and three repetitions for rainfed and irrigated treatments, respectively. A detailed environmental characterisation was carried out, with hourly records of micrometeorological data and soil water status, and associated with precise measurement of phenology. Grain yield and its components were measured at the end of the experiment. The main purpose of this dataset consists in using the environmental characterisation to quantify the genetic variability of maize grain yield in response to the environmental drivers for genotype-by-environment interaction. For instance, allelic effects at QTLs identified over the field network are consistent within a scenario but largely differ between scenarios.",
  "Scientific_Name": "Zea mays",
  "Common_Name": "Maize",
  "Sharing_Link": "https://entrepot.recherche.data.gouv.fr/dataset.xhtml?persistentId=doi:10.15454/IASSTN",
  "Requires_Authorization": false,
  "Phenotype": true,
  "Map": false,
  "Pedigree": false,
  "N_Geno": 246,
  "N_markers": 41722,
  "Download_Instructions": "NA",
  "Tags": "agricultural research; plant genetics; drought tolerance; maize hybrids; genotype-environment interaction; environmental characterization; European agriculture; crop yield optimization"
}
