{
  "Folder": "00068_RapidSelectionIntermediateWheatgrass",
  "DOI": "https://doi.org/10.5061/dryad.zw3r2285n",
  "Publication_link": "https://acsess.onlinelibrary.wiley.com/doi/10.1002/tpg2.20080",
  "Title": "Genomic prediction enables rapid selection of high-performing genets in an intermediate wheatgrass breeding program",
  "Abstract": "In an era of constrained and depleted natural resources, perennial grains could provide sustainable food production along with beneficial ecosystem services like reduced erosion and increased atmospheric carbon capture. Intermediate wheatgrass (IWG) [Thinopyrum intermedium (Host) Barkworth & D. R. Dewey subsp. intermedium] has been undergoing continuous breeding for domestication to develop a perennial grain crop since the 1980s. As a perennial, IWG has required 2‚Äì5 yr per selection generation, but starting in 2017, genomic selection (GS) was initiated in the breeding program at The Land Institute, Salina, KS (TLI), enabling one complete cycle per year. For each cycle, ‚àº4,000 seedlings were profiled using genotyping-by-sequencing (GBS) and genomic estimated breeding values (GEBVs) were calculated. Selection based on GEBVs identified ‚àº100 individuals to advance as parents each generation, while validation populations of 1,000‚Äì1,200 genets for GS model training were also selected using the genomic relationship matrix to represent genetic diversity in each cycle. The selected parents were randomly intermated in a greenhouse crossing block to form the subsequent cycle, while the validation populations were transplanted to irrigated and nonirrigated field sites for phenotypic evaluations in the following years. For priority breeding traits of seed mass, free threshing, and nonshattering, correlations between predicted values and observed data were >.5. The realized selection differential ranged from 11‚Äì23% for selected traits, and the expected genetic gains for these traits, including spike yield, ranged from 6 to 14% per year. Genomic selection is a powerful tool to speed the domestication and development of IWG and other perennial crops with extended breeding timelines.",
  "Scientific_Name": "Thinopyrum intermedium",
  "Common_Name": "Intermediate Wheatgrass",
  "Sharing_Link": "https://datadryad.org/stash/dataset/doi:10.5061/dryad.zw3r2285n",
  "Requires_Authorization": false,
  "Phenotype": true,
  "Map": false,
  "Pedigree": false,
  "N_Geno": 2969,
  "N_markers": 17663,
  "Download_Instructions": "After Downloading, In the folder \"data\", Go to \"Intermediate_file\" and Download data from \"For_GS\" folder.",
  "Tags": "perennial grains; genomic selection; sustainable agriculture; ecosystem services; breeding program; Intermediate wheatgrass; genotyping-by-sequencing; genetic diversity"
}
